Country;Frequency Range;Allocations;Applications
"Sweden (PTS)";"0 - 0.009 MHz";"Övrigt";"#FFFFFF"
"Sweden (PTS)";"0.009 - 0.014 MHz";"Radionavigering för luftfart";"#00FF7F"
"Sweden (PTS)";"0.014 - 0.01995 MHz";"Sjöfartsradio";"#008080"
"Sweden (PTS)";"0.01995 - 0.02005 MHz";"Standardfrekvens och tidssignal";"#FF00FF"
"Sweden (PTS)";"0.02005 - 0.07 MHz";"Sjöfartsradio";"#008080"
"Sweden (PTS)";"0.07 - 0.1176 MHz";"Aktiva medicinska implantat (Undantag från tillståndsplikt, Not 1)";"#7676FF"
"Sweden (PTS)";"0.1176 - 0.126 MHz";"Sjöfartsradio";"#008080"
"Sweden (PTS)";"0.126 - 0.129 MHz";"Aktiva medicinska implantat (Undantag från tillståndsplikt, Not 1)";"#7676FF"
"Sweden (PTS)";"0.129 - 0.1357 MHz";"Sjöfartsradio";"#008080"
"Sweden (PTS)";"0.1357 - 0.1378 MHz";"Amatörradio (Undantag från tillståndsplikt)";"#FF0000"
"Sweden (PTS)";"0.1378 - 0.1485 MHz";"Sjöfartsradio";"#008080"
"Sweden (PTS)";"0.1485 - 0.2835 MHz";"Rundradio (GE75)";"#80C0C0"
"Sweden (PTS)";"0.2835 - 0.415 MHz";"Radiofyrar för luftfart";"#5D88FF"
"Sweden (PTS)";"0.30275 - 0.31525 MHz";"Flygfyr, Localizer - Såtenäs - 309 KHz";"#5D88FF"
"Sweden (PTS)";"0.30575 - 0.31825 MHz";"Fyr, Non-Directional Beacon - Karlsborg - 312 KHz";"#5D88FF"
"Sweden (PTS)";"0.31875 - 0.33125 MHz";"Flygfyr, Localizer - Trollhättan - 325 KHz";"#5D88FF"
"Sweden (PTS)";"0.33575 - 0.34825 MHz";"Landvetter - Flygfyr, Localizer - Göteborg - 342 KHz";"#5D88FF"
"Sweden (PTS)";"0.36275 - 0.37525 MHz";"Landvetter - Flygfyr, Localizer - Landvetter - 369 KHz - NDB associerad med bana 21";"#5D88FF"
"Sweden (PTS)";"0.39275 - 0.40525 MHz";"Flygfyr, Localizer - Trollhättan - 399 KHz";"#5D88FF"
"Sweden (PTS)";"0.40275 - 0.41525 MHz";"Flygfyr, Localizer - Såtenäs - 409 KHz";"#5D88FF"
"Sweden (PTS)";"0.415 - 0.435 MHz";"Radiofyrar för luftfart (GE85M)";"#5D88FF"
"Sweden (PTS)";"0.435 - 0.495 MHz";"Sjöfartsradio (GE85M, RR AP15)";"#008080"
"Sweden (PTS)";"0.495 - 0.5265 MHz";"Sjöfartsradio (RR AP15, Nöd- och säkerhetstrafik)";"#FF0091"
"Sweden (PTS)";"0.5265 - 1.6065 MHz";"Rundradio (GE75)";"#80C0C0"
"Sweden (PTS)";"1.6065 - 1.625 MHz";"Sjöfartsradio (GE85M)";"#008080"
"Sweden (PTS)";"1.625 - 1.635 MHz";"Tillämpningar för järnväg (Undantag från tillståndsplikt)";"#FFD500"
"Sweden (PTS)";"1.635 - 1.8 MHz";"Sjöfartsradio (GE85M)";"#008080"
"Sweden (PTS)";"1.8 - 1.81 MHz";"Tillämpningar för järnväg (Undantag från tillståndsplikt)";"#FFD500"
"Sweden (PTS)";"1.81 - 2 MHz";"Amatörradio (Undantag från tillståndsplikt)";"#FF0000"
"Sweden (PTS)";"2 - 2.045 MHz";"Sjöfartsradio";"#008080"
"Sweden (PTS)";"2.045 - 2.16 MHz";"Sjöfartsradio (GE85M)";"#008080"
"Sweden (PTS)";"2.16 - 2.17 MHz";"Tillämpningar för järnväg (Undantag från tillståndsplikt)";"#FFD500"
"Sweden (PTS)";"2.17 - 2.1735 MHz";"Sjöfartsradio";"#008080"
"Sweden (PTS)";"2.1735 - 2.1905 MHz";"Sjöfartsradio (RR AP15, Nöd- och säkerhetstrafik)";"#FF0091"
"Sweden (PTS)";"2.1905 - 2.498 MHz";"Sjöfartsradio";"#008080"
"Sweden (PTS)";"2.498 - 2.502 MHz";"Tillämpningar för järnväg (Undantag från tillståndsplikt)";"#FFD500"
"Sweden (PTS)";"2.502 - 2.85 MHz";"Sjöfartsradio";"#008080"
"Sweden (PTS)";"2.85 - 3.025 MHz";"Luftfartsradio (RR AP15, Nöd- och säkerhetstrafik)";"#FF0091"
"Sweden (PTS)";"3.025 - 3.155 MHz";"Luftfartsradio (RR AP26)";"#5D88FF"
"Sweden (PTS)";"3.155 - 3.4 MHz";"Sjöfartsradio";"#008080"
"Sweden (PTS)";"3.4 - 3.5 MHz";"Tillämpningar för järnväg (Undantag från tillståndsplikt)";"#FFD500"
"Sweden (PTS)";"3.5 - 3.8 MHz";"Amatörradio (Undantag från tillståndsplikt)";"#FF0000"
"Sweden (PTS)";"3.8 - 3.9 MHz";"Luftfartsradio";"#5D88FF"
"Sweden (PTS)";"3.9 - 3.95 MHz";"Luftfartsradio (RR AP26)";"#5D88FF"
"Sweden (PTS)";"3.95 - 4 MHz";"Rundradio";"#80C0C0"
"Sweden (PTS)";"4 - 4.062999 MHz";"Sjöfartsradio";"#008080"
"Sweden (PTS)";"4.062999 - 4.438 MHz";"Sjöfartsradio (RR AP15, RR AP17)";"#008080"
"Sweden (PTS)";"4.438 - 4.65 MHz";"Sjöfartsradio";"#008080"
"Sweden (PTS)";"4.65 - 4.7 MHz";"Luftfartsradio (RR AP27)";"#5D88FF"
"Sweden (PTS)";"4.7 - 4.75 MHz";"Luftfartsradio (RR AP26)";"#5D88FF"
"Sweden (PTS)";"4.75 - 4.85 MHz";"Luftfartsradio";"#5D88FF"
"Sweden (PTS)";"4.85 - 5.06 MHz";"Tillämpningar för järnväg (Undantag från tillståndsplikt)";"#FFD500"
"Sweden (PTS)";"5.06 - 5.3515 MHz";"Sjöfartsradio";"#008080"
"Sweden (PTS)";"5.3515 - 5.3665 MHz";"Amatörradio (Undantag från tillståndsplikt)";"#FF0000"
"Sweden (PTS)";"5.3665 - 5.45 MHz";"Sjöfartsradio";"#008080"
"Sweden (PTS)";"5.45 - 5.48 MHz";"Luftfartsradio";"#5D88FF"
"Sweden (PTS)";"5.48 - 5.6785 MHz";"Luftfartsradio (RR AP27)";"#5D88FF"
"Sweden (PTS)";"5.6785 - 5.6815 MHz";"Sjöfartsradio (RR AP15, Nöd- och säkerhetstrafik)";"#FF0091"
"Sweden (PTS)";"5.6815 - 5.73 MHz";"Luftfartsradio (RR AP26)";"#5D88FF"
"Sweden (PTS)";"5.73 - 5.9 MHz";"Tillämpningar för järnväg (Undantag från tillståndsplikt)";"#FFD500"
"Sweden (PTS)";"5.9 - 6.2 MHz";"Rundradio";"#80C0C0"
"Sweden (PTS)";"6.2 - 6.525 MHz";"Sjöfartsradio (RR AP15, RR AP17)";"#008080"
"Sweden (PTS)";"6.525 - 6.685 MHz";"Luftfartsradio (RR AP27)";"#5D88FF"
"Sweden (PTS)";"6.685 - 6.765 MHz";"Luftfartsradio (RR AP26)";"#5D88FF"
"Sweden (PTS)";"6.765 - 7 MHz";"Tillämpningar för järnväg (Undantag från tillståndsplikt)";"#FFD500"
"Sweden (PTS)";"7 - 7.2 MHz";"Amatörradio (Undantag från tillståndsplikt)";"#FF0000"
"Sweden (PTS)";"7.2 - 7.45 MHz";"Rundradio";"#80C0C0"
"Sweden (PTS)";"7.45 - 8.1 MHz";"Tillämpningar för järnväg (Undantag från tillståndsplikt)";"#FFD500"
"Sweden (PTS)";"8.1 - 8.195 MHz";"Sjöfartsradio";"#008080"
"Sweden (PTS)";"8.195 - 8.815 MHz";"Sjöfartsradio (RR AP15, RR AP17)";"#008080"
"Sweden (PTS)";"8.815 - 8.965 MHz";"Luftfartsradio (RR AP27)";"#5D88FF"
"Sweden (PTS)";"8.965 - 9.04 MHz";"Luftfartsradio (RR AP26)";"#5D88FF"
"Sweden (PTS)";"9.04 - 9.4 MHz";"Fast radio";"#FF0077"
"Sweden (PTS)";"9.4 - 9.9 MHz";"Rundradio";"#80C0C0"
"Sweden (PTS)";"9.9 - 9.995 MHz";"Fast radio";"#FF0077"
"Sweden (PTS)";"9.995 - 10.005 MHz";"Standardfrekvens och tidssignal";"#FF00FF"
"Sweden (PTS)";"10.005 - 10.1 MHz";"Luftfartsradio (RR AP27)";"#5D88FF"
"Sweden (PTS)";"10.1 - 10.15 MHz";"Amatörradio (Undantag från tillståndsplikt)";"#FF0000"
"Sweden (PTS)";"10.12675 - 10.13925 MHz";"Radiofyr QRPP CW - Öxabäck";"#FF0000"
"Sweden (PTS)";"10.15 - 11.175 MHz";"Sjöfartsradio";"#008080"
"Sweden (PTS)";"11.175 - 11.275 MHz";"Induktiva tillämpningar (Undantag från tillståndsplikt, Not 1)";"#FFFFFF"
"Sweden (PTS)";"11.275 - 11.4 MHz";"Luftfartsradio (RR AP27)";"#5D88FF"
"Sweden (PTS)";"11.4 - 11.6 MHz";"Fast radio";"#FF0077"
"Sweden (PTS)";"11.6 - 12.1 MHz";"Rundradio";"#80C0C0"
"Sweden (PTS)";"12.1 - 12.23 MHz";"Fast radio";"#FF0077"
"Sweden (PTS)";"12.23 - 13.2 MHz";"Sjöfartsradio (RR AP15, RR AP17)";"#008080"
"Sweden (PTS)";"13.2 - 13.26 MHz";"Luftfartsradio (RR AP26)";"#5D88FF"
"Sweden (PTS)";"13.26 - 13.36 MHz";"Luftfartsradio (RR AP27)";"#5D88FF"
"Sweden (PTS)";"13.36 - 13.41 MHz";"Radioastronomi (Onsala rymdobservatorium)";"#FFFF00"
"Sweden (PTS)";"13.41 - 13.57 MHz";"Sjöfartsradio";"#008080"
"Sweden (PTS)";"13.57 - 13.87 MHz";"Induktiva tillämpningar (Undantag från tillståndsplikt, Not 1)";"#FFFFFF"
"Sweden (PTS)";"13.87 - 14 MHz";"Sjöfartsradio";"#008080"
"Sweden (PTS)";"14 - 14.35 MHz";"Amatörradio (Undantag från tillståndsplikt)";"#FF0000"
"Sweden (PTS)";"14.35 - 14.99 MHz";"Sjöfartsradio";"#008080"
"Sweden (PTS)";"14.99 - 15.01 MHz";"Standardfrekvens och tidssignal";"#FF00FF"
"Sweden (PTS)";"15.01 - 15.1 MHz";"Luftfartsradio (RR AP26)";"#5D88FF"
"Sweden (PTS)";"15.1 - 15.8 MHz";"Rundradio";"#80C0C0"
"Sweden (PTS)";"15.8 - 16.36 MHz";"Fast radio";"#FF0077"
"Sweden (PTS)";"16.36 - 17.41 MHz";"Sjöfartsradio (RR AP15, RR AP17)";"#008080"
"Sweden (PTS)";"17.41 - 17.48 MHz";"Fast radio";"#FF0077"
"Sweden (PTS)";"17.48 - 17.9 MHz";"Rundradio";"#80C0C0"
"Sweden (PTS)";"17.9 - 17.97 MHz";"Luftfartsradio (RR AP27)";"#5D88FF"
"Sweden (PTS)";"17.97 - 18.03 MHz";"Luftfartsradio (RR AP26)";"#5D88FF"
"Sweden (PTS)";"18.03 - 18.068 MHz";"Fast radio";"#FF0077"
"Sweden (PTS)";"18.068 - 18.168 MHz";"Amatörradio (Undantag från tillståndsplikt)";"#FF0000"
"Sweden (PTS)";"18.168 - 18.78 MHz";"Sjöfartsradio";"#008080"
"Sweden (PTS)";"18.78 - 18.9 MHz";"Sjöfartsradio (RR AP17)";"#008080"
"Sweden (PTS)";"18.9 - 19.02 MHz";"Rundradio";"#80C0C0"
"Sweden (PTS)";"19.02 - 19.68 MHz";"Fast radio";"#FF0077"
"Sweden (PTS)";"19.68 - 19.8 MHz";"Sjöfartsradio (RR AP15, RR AP17)";"#008080"
"Sweden (PTS)";"19.8 - 19.99 MHz";"Fast radio";"#FF0077"
"Sweden (PTS)";"19.99 - 20.01 MHz";"Standardfrekvens och tidssignal";"#FF00FF"
"Sweden (PTS)";"20.01 - 21 MHz";"Landmobil radio";"#FF0077"
"Sweden (PTS)";"21 - 21.45 MHz";"Amatörradio (Undantag från tillståndsplikt)";"#FF0000"
"Sweden (PTS)";"21.45 - 21.85 MHz";"Rundradio";"#80C0C0"
"Sweden (PTS)";"21.85 - 21.924 MHz";"Fast radio";"#FF0077"
"Sweden (PTS)";"21.924 - 22 MHz";"Luftfartsradio (RR AP27)";"#5D88FF"
"Sweden (PTS)";"22 - 22.855 MHz";"Sjöfartsradio (RR AP15, RR AP17)";"#008080"
"Sweden (PTS)";"22.855 - 23 MHz";"Fast radio";"#FF0077"
"Sweden (PTS)";"23 - 23.2 MHz";"Sjöfartsradio";"#008080"
"Sweden (PTS)";"23.2 - 23.35 MHz";"Luftfartsradio";"#5D88FF"
"Sweden (PTS)";"23.35 - 24 MHz";"Sjöfartsradio";"#008080"
"Sweden (PTS)";"24 - 24.89 MHz";"Fast radio";"#FF0077"
"Sweden (PTS)";"24.89 - 24.99 MHz";"Amatörradio (Undantag från tillståndsplikt)";"#FF0000"
"Sweden (PTS)";"24.99 - 25.01 MHz";"Standardfrekvens och tidssignal";"#FF00FF"
"Sweden (PTS)";"25.01 - 25.07 MHz";"Sjöfartsradio";"#008080"
"Sweden (PTS)";"25.07 - 25.21 MHz";"Sjöfartsradio (RR AP17)";"#008080"
"Sweden (PTS)";"25.21 - 25.55 MHz";"Sjöfartsradio";"#008080"
"Sweden (PTS)";"25.55 - 25.67 MHz";"Radioastronomi (Onsala rymdobservatorium)";"#FFFF00"
"Sweden (PTS)";"25.67 - 26.1 MHz";"Rundradio";"#80C0C0"
"Sweden (PTS)";"26.1 - 26.175 MHz";"Sjöfartsradio (RR AP15, RR AP17)";"#008080"
"Sweden (PTS)";"26.175 - 27.5 MHz";"Personsökning";"#FFCE83"
"Sweden (PTS)";"27.5 - 28 MHz";"Landmobil radio";"#FF0077"
"Sweden (PTS)";"28 - 29.7 MHz";"Amatörradio (Undantag från tillståndsplikt)";"#FF0000"
"Sweden (PTS)";"28.32875 - 28.34125 MHz";"10-metersringen (mer ...) - Borås";"#FF0000"
"Sweden (PTS)";"29.60375 - 29.61625 MHz";"FM-ringen (mer ...) - Borås";"#FF0000"
"Sweden (PTS)";"29.67375 - 29.68625 MHz";"FM Repeater -100kHz - Göteborg";"#FF0000"
"Sweden (PTS)";"29.68375 - 29.69625 MHz";"Repeater - SM6VBT/R - Göteborg - Göteborg / Mölndal - Repeater på 10m";"#FF0000"
"Sweden (PTS)";"29.7 - 30 MHz";"Landmobil radio";"#FF0077"
"Sweden (PTS)";"30 - 37.5 MHz";"Aktiva medicinska implantat (Undantag från tillståndsplikt, Not 1)";"#7676FF"
"Sweden (PTS)";"37.5 - 38.25 MHz";"Radioastronomi (Onsala rymdobservatorium)";"#FFFF00"
"Sweden (PTS)";"38.25 - 40.66 MHz";"Landmobil radio";"#FF0077"
"Sweden (PTS)";"40.66 - 40.7 MHz";"Allmän kortdistansradio (Undantag från tillståndsplikt, Not 1)";"#006179"
"Sweden (PTS)";"40.7 - 41.015 MHz";"Landmobil radio";"#FF0077"
"Sweden (PTS)";"41.015 - 50 MHz";"Radiobestämning (Undantag från tillståndsplikt, Not 1)";"#FFFFFF"
"Sweden (PTS)";"43.09375 - 43.10625 MHz";"Speakermikrofon, Bergslätt - Ed";"#FFFFFF"
"Sweden (PTS)";"50 - 52 MHz";"Amatörradio (Undantag från tillståndsplikt)";"#FF0000"
"Sweden (PTS)";"50.45375 - 50.46625 MHz";"Beacon - SK6EI/B - Skövde";"#FF0000"
"Sweden (PTS)";"51.54375 - 51.55625 MHz";"Link - SM6FZG - Göteborg - Göteborg / Guldheden";"#FF0000"
"Sweden (PTS)";"51.86375 - 51.87625 MHz";"Repeater - SK6RFQ - Göteborg - Göteborg / Guldheden - Repeater på 6m";"#FF0000"
"Sweden (PTS)";"52 - 68 MHz";"Radiobestämning (Undantag från tillståndsplikt, Not 1)";"#FFFFFF"
"Sweden (PTS)";"68 - 74.8 MHz";"PMR (ECC/DEC/(19)02)";"#4545FF"
"Sweden (PTS)";"68.20625 - 68.21875 MHz";"FRO Göteborg. Tölöberg - Göteborg - 73.5375";"#DBFFEC"
"Sweden (PTS)";"70.18125 - 70.19375 MHz";"Troligen ett Åkeri, hörs i Borås - Borås";"#DBFFEC"
"Sweden (PTS)";"73.00625 - 73.01875 MHz";"FRO Göteborg city - Göteborg - 68.0125";"#DBFFEC"
"Sweden (PTS)";"73.15625 - 73.16875 MHz";"Räddningstjänsten Storgöteborg - Göteborg - K:83";"#FFFFFF"
"Sweden (PTS)";"73.25625 - 73.26875 MHz";"Räddningstjänsten Storgöteborg - Göteborg - K:81 aktiv ? 2018";"#FFFFFF"
"Sweden (PTS)";"73.38125 - 73.39375 MHz";"Räddningstjänsten Storgöteborg - Göteborg - K:85";"#FFFFFF"
"Sweden (PTS)";"73.40625 - 73.41875 MHz";"Räddningstjänsten Storgöteborg - Göteborg - K:86";"#FFFFFF"
"Sweden (PTS)";"73.53125 - 73.54375 MHz";"FRO Göteborg syd - Göteborg - 73.0125";"#DBFFEC"
"Sweden (PTS)";"74.8 - 75.2 MHz";"Radionavigering för luftfart";"#00FF7F"
"Sweden (PTS)";"75.2 - 75.625 MHz";"PMR (ECC/DEC/(19)02)";"#4545FF"
"Sweden (PTS)";"75.625 - 77.475 MHz";"PMR (ECC/DEC/(19)02, Duplex: 80,625 - 82,475)";"#4545FF"
"Sweden (PTS)";"76.15625 - 76.16875 MHz";"Privat relästation Borås - Borås";"#FFFFFF"
"Sweden (PTS)";"77.475 - 80.625 MHz";"PMR (ECC/DEC/(19)02)";"#4545FF"
"Sweden (PTS)";"77.83125 - 77.84375 MHz";"Räddningstjänsten Göteborg - Göteborg";"#FFFFFF"
"Sweden (PTS)";"78.25625 - 78.26875 MHz";"Taxi Trollhättan - Trollhättan - K:21";"#FF0091"
"Sweden (PTS)";"78.30625 - 78.31875 MHz";"Rökdykare - Kungälv - K:25";"#FF0091"
"Sweden (PTS)";"78.35625 - 78.36875 MHz";"Ambulans - NÄL - Trollhättan - K:29";"#FF0091"
"Sweden (PTS)";"78.38125 - 78.39375 MHz";"Taxi - Vänersborg - K:31";"#91FF00"
"Sweden (PTS)";"78.43125 - 78.44375 MHz";"Skadeplatskanal - Kungälv - K:35";"#FF0091"
"Sweden (PTS)";"78.48125 - 78.49375 MHz";"Räddningstj. utlarmning - Skövde - K:39";"#FF0091"
"Sweden (PTS)";"78.58125 - 78.59375 MHz";"Ambulans O-län Norra - Hela länet - K:47";"#FF0091"
"Sweden (PTS)";"78.68125 - 78.69375 MHz";"Skadeplatskanal - Kungälv - K:55";"#FF0091"
"Sweden (PTS)";"78.83125 - 78.84375 MHz";"RTJ Vänersborg, Vargön - Vänersborg - K:67";"#FF0091"
"Sweden (PTS)";"78.85625 - 78.86875 MHz";"Räddningstjänst Skara/ Götene - Skara - K:69";"#FF0091"
"Sweden (PTS)";"78.88125 - 78.89375 MHz";"Ambulans O-län Södra - Hela länet - K:71";"#FF0091"
"Sweden (PTS)";"78.90625 - 78.91875 MHz";"Utlarmning räddningstjänst O-län - Kungälv - K:73";"#FF0091"
"Sweden (PTS)";"78.93125 - 78.94375 MHz";"Ambulans Skaraborg (mer ...) - Hela länet - K:75";"#FF0091"
"Sweden (PTS)";"78.95625 - 78.96875 MHz";"Räddningstjänst - Alingsås - K:77";"#FF0091"
"Sweden (PTS)";"79.03125 - 79.04375 MHz";"Brämhults teleservice Sim Riks - Borås";"#FFFFFF"
"Sweden (PTS)";"79.55625 - 79.56875 MHz";"Räddningstj. framkörning - Skövde - K:44";"#FF0091"
"Sweden (PTS)";"79.68125 - 79.69375 MHz";"Framkörning brand - Kungälv - K:54";"#FF0091"
"Sweden (PTS)";"79.73125 - 79.74375 MHz";"Tullverket - Hela länet - K:58";"#FF0091"
"Sweden (PTS)";"80.625 - 82.475 MHz";"PMR (ECC/DEC/(19)02, Duplex: 75,625 - 77,475)";"#4545FF"
"Sweden (PTS)";"82.475 - 87.5 MHz";"PMR (ECC/DEC/(19)02)";"#4545FF"
"Sweden (PTS)";"84.25625 - 84.26875 MHz";"Radio skog - Lilla edet - 84.7125";"#DBFFEC"
"Sweden (PTS)";"84.28125 - 84.29375 MHz";"Radio skog. Hedekas - Uddevalla - 84.8375";"#DBFFEC"
"Sweden (PTS)";"84.35625 - 84.36875 MHz";"Radio skog. Mösseberget - Falköping - 84.9125";"#DBFFEC"
"Sweden (PTS)";"86.03125 - 86.04375 MHz";"Radio skog - Skövde - 86.6875";"#DBFFEC"
"Sweden (PTS)";"86.10625 - 86.11875 MHz";"Borås Bilfrakt AB - Borås";"#91FF00"
"Sweden (PTS)";"86.20625 - 86.21875 MHz";"Radio skog. Askeberga - Askeberga - 86.7625";"#DBFFEC"
"Sweden (PTS)";"86.25625 - 86.26875 MHz";"Radio skog. Lanna - Värnamo - 86.8125";"#DBFFEC"
"Sweden (PTS)";"86.28125 - 86.29375 MHz";"Radio skog - Bäckefors - 86.8375";"#DBFFEC"
"Sweden (PTS)";"86.30625 - 86.31875 MHz";"Radio skog. Varvshult (Borås) - Borås - 86.8625";"#DBFFEC"
"Sweden (PTS)";"87.5 - 108 MHz";"FM analog ljudradio (Band II, GE84)";"#00FF9A"
"Sweden (PTS)";"87.59375 - 87.60625 MHz";"NRJ Skövde - Falköping";"#00FF9A"
"Sweden (PTS)";"88.09375 - 88.10625 MHz";"NRJ Skövde - Skövde - Skaraborgs slättland";"#00FF9A"
"Sweden (PTS)";"88.29375 - 88.30625 MHz";"NRJ Bohuslän - Stenungsund";"#00FF9A"
"Sweden (PTS)";"91.69375 - 91.70625 MHz";"NRJ - Herrljunga";"#00FF9A"
"Sweden (PTS)";"92.29375 - 92.30625 MHz";"NRJ Bohuslän - Strömstad";"#00FF9A"
"Sweden (PTS)";"93.39375 - 93.40625 MHz";"NRJ Göteborg - Alingsås - Vårgårda";"#00FF9A"
"Sweden (PTS)";"93.79375 - 93.80625 MHz";"SR P4 Göteborg - Svanesund";"#00FF9A"
"Sweden (PTS)";"96.09375 - 96.10625 MHz";"NRJ Skövde - Mariestad";"#00FF9A"
"Sweden (PTS)";"97.59375 - 97.60625 MHz";"SR P4 Väst - Strömstad";"#00FF9A"
"Sweden (PTS)";"98.29375 - 98.30625 MHz";"NRJ Borås - Kinna";"#00FF9A"
"Sweden (PTS)";"100.09375 - 100.10625 MHz";"NRJ Bohuslän - Uddevalla";"#00FF9A"
"Sweden (PTS)";"100.29375 - 100.30625 MHz";"SR P4 Skaraborg - Skövde";"#00FF9A"
"Sweden (PTS)";"100.59375 - 100.60625 MHz";"NRJ Bohuslän - Färgelanda";"#00FF9A"
"Sweden (PTS)";"100.79375 - 100.80625 MHz";"SR P4 Väst - Svinesund";"#00FF9A"
"Sweden (PTS)";"100.89375 - 100.90625 MHz";"SR P4 Väst - Kungshamn";"#00FF9A"
"Sweden (PTS)";"101.09375 - 101.10625 MHz";"Lite fm. www.litefm.se - Trollhättan";"#00FF9A"
"Sweden (PTS)";"101.69375 - 101.70625 MHz";"NRJ Borås - Ulricehamn";"#00FF9A"
"Sweden (PTS)";"101.89375 - 101.90625 MHz";"SR P4 Göteborg - Göteborg - Brudaremossen";"#00FF9A"
"Sweden (PTS)";"102.19375 - 102.20625 MHz";"SR P4 Väst - Bäckefors";"#00FF9A"
"Sweden (PTS)";"102.39375 - 102.40625 MHz";"NRJ Bohuslän - Kungshamn";"#00FF9A"
"Sweden (PTS)";"102.89375 - 102.90625 MHz";"SR P4 Sjuhärad - Borås - Dalsjöfors";"#00FF9A"
"Sweden (PTS)";"103.09375 - 103.10625 MHz";"NRJ Skövde - Hjo";"#00FF9A"
"Sweden (PTS)";"103.29375 - 103.30625 MHz";"SR P4 Väst - Uddevalla - Herrestad";"#00FF9A"
"Sweden (PTS)";"103.69375 - 103.70625 MHz";"SR P4 Väst - Trollhättan";"#00FF9A"
"Sweden (PTS)";"103.99375 - 104.00625 MHz";"NRJ Göteborg - Lerum";"#00FF9A"
"Sweden (PTS)";"104.59375 - 104.60625 MHz";"NRJ Bohuslän - Rabbalshede";"#00FF9A"
"Sweden (PTS)";"104.79375 - 104.80625 MHz";"Bandit Rock - Göteborg";"#00FF9A"
"Sweden (PTS)";"104.99375 - 105.00625 MHz";"NRJ Bohuslän - Trollhättan";"#00FF9A"
"Sweden (PTS)";"105.89375 - 105.90625 MHz";"NRJ Göteborg - Göteborg";"#00FF9A"
"Sweden (PTS)";"106.59375 - 106.60625 MHz";"NRJ Borås - Svenljunga";"#00FF9A"
"Sweden (PTS)";"106.69375 - 106.70625 MHz";"NRJ Skövde - Lidköping";"#00FF9A"
"Sweden (PTS)";"106.89375 - 106.90625 MHz";"Lugna Favoriter - Vänersborg";"#00FF9A"
"Sweden (PTS)";"107.09375 - 107.10625 MHz";"NRJ Borås - Borås";"#00FF9A"
"Sweden (PTS)";"107.29375 - 107.30625 MHz";"Mix Megapol/Radio City - Göteborg";"#00FF9A"
"Sweden (PTS)";"107.79375 - 107.80625 MHz";"Rockklassiker - Göteborg";"#00FF9A"
"Sweden (PTS)";"108 - 117.975 MHz";"Radionavigering för luftfart (ILS, VOR)";"#00FF7F"
"Sweden (PTS)";"108.49375 - 108.50625 MHz";"Landvetter - ILS - Bana 21 - Göteborg - Lokaliserare bana 21";"#5D88FF"
"Sweden (PTS)";"109.49375 - 109.50625 MHz";"ILS/DME - Bana 19 - Såtenäs";"#5D88FF"
"Sweden (PTS)";"110.29375 - 110.30625 MHz";"Landvetter - ILS - Bana 3 - Göteborg - Lokaliserare";"#5D88FF"
"Sweden (PTS)";"110.74375 - 110.75625 MHz";"ILS/DME - Bana 6 - Karlsborg - MIL";"#5D88FF"
"Sweden (PTS)";"111.14375 - 111.15625 MHz";"ILS/DME - Bana 1 - Såtenäs";"#5D88FF"
"Sweden (PTS)";"111.89375 - 111.90625 MHz";"ILS/DME - Bana 33 - Trollhättan";"#5D88FF"
"Sweden (PTS)";"113.34375 - 113.35625 MHz";"DME - Landvetter - Fristående DME";"#5D88FF"
"Sweden (PTS)";"113.94375 - 113.95625 MHz";"DME - Landvetter - Fristående DME";"#5D88FF"
"Sweden (PTS)";"114.59375 - 114.60625 MHz";"Landvetter ATIS - Landvetter - Landvetter Väderinformation";"#5D88FF"
"Sweden (PTS)";"115.64375 - 115.65625 MHz";"DME - Landvetter - Fristående DME";"#5D88FF"
"Sweden (PTS)";"116.79375 - 116.80625 MHz";"VFR Lindön - Lindön";"#5D88FF"
"Sweden (PTS)";"117.975 - 121.45 MHz";"Luftfartsradio";"#5D88FF"
"Sweden (PTS)";"118.36875 - 118.38125 MHz";"Väderinformation - Landvetter";"#5D88FF"
"Sweden (PTS)";"118.59875 - 118.61125 MHz";"Landvetter TWR - Landvetter - Landvetter Tower (Primary Channel)";"#5D88FF"
"Sweden (PTS)";"118.94375 - 118.95625 MHz";"- - Karlsborg";"#5D88FF"
"Sweden (PTS)";"118.99375 - 119.00625 MHz";"TOWER Säve flygplats - Säve";"#5D88FF"
"Sweden (PTS)";"119.04875 - 119.06125 MHz";"Säve TWR - Säve - Säve TWR (Primary Channel)";"#5D88FF"
"Sweden (PTS)";"119.29375 - 119.30625 MHz";"F7 Såtenäs - Hela länet - K:FV F7B";"#5D88FF"
"Sweden (PTS)";"120.11875 - 120.13125 MHz";"Landvetter APP - Landvetter - Göteborg Arrival";"#5D88FF"
"Sweden (PTS)";"121.45 - 121.55 MHz";"Luftfartsradio (ELT) (Undantag från tillståndsplikt, RR AP15)";"#FF0091"
"Sweden (PTS)";"121.55 - 137 MHz";"Luftfartsradio";"#5D88FF"
"Sweden (PTS)";"121.59875 - 121.61125 MHz";"Landvetter APRON - Landvetter - Landvetter APRON (Push-back)";"#5D88FF"
"Sweden (PTS)";"121.67375 - 121.68625 MHz";"Landvetter Delivery - Landvetter - Landvetter Clearance Delivery";"#5D88FF"
"Sweden (PTS)";"121.80875 - 121.82125 MHz";"Göteborg/Säve - Göteborg";"#5D88FF"
"Sweden (PTS)";"121.84375 - 121.85625 MHz";"Såtenäs GND - Såtenäs - Såtenäs Ground";"#5D88FF"
"Sweden (PTS)";"121.89875 - 121.91125 MHz";"Landvetter GND - Landvetter - Landvetter Ground (Taxi)";"#5D88FF"
"Sweden (PTS)";"122.71875 - 122.73125 MHz";"TROLLHÄTTAN TWR - Trollhättan";"#5D88FF"
"Sweden (PTS)";"122.79375 - 122.80625 MHz";"- - Falköping";"#5D88FF"
"Sweden (PTS)";"122.99375 - 123.00625 MHz";"F7 Såtenäs - Hela länet";"#5D88FF"
"Sweden (PTS)";"123.04875 - 123.06125 MHz";"Skövde Flygplats - Skövde";"#5D88FF"
"Sweden (PTS)";"123.09375 - 123.10625 MHz";"Landvetter TWR (SAR) - Landvetter - SAR, endast HO vid behov";"#5D88FF"
"Sweden (PTS)";"123.19375 - 123.20625 MHz";"Öresten - Hela länet";"#5D88FF"
"Sweden (PTS)";"123.51875 - 123.53125 MHz";"Borås/Viared flygfält - Borås";"#5D88FF"
"Sweden (PTS)";"123.54375 - 123.55625 MHz";"Strömstad FK (Näsinge) - Strömstad - ESGS - SWEDEN CTL 128.625";"#5D88FF"
"Sweden (PTS)";"123.64375 - 123.65625 MHz";"Alingsås fält - Alingsås";"#5D88FF"
"Sweden (PTS)";"124.19875 - 124.21125 MHz";"Landvetter APP - Landvetter - Göteborg Approach Väst";"#5D88FF"
"Sweden (PTS)";"124.66875 - 124.68125 MHz";"Landvetter APP - Landvetter - Göteborg Approach Öst";"#5D88FF"
"Sweden (PTS)";"125.82375 - 125.83625 MHz";"A/G - Karlsborg";"#5D88FF"
"Sweden (PTS)";"126.85375 - 126.86625 MHz";"A/G - Såtenäs";"#5D88FF"
"Sweden (PTS)";"127.69875 - 127.71125 MHz";"- - Såtenäs";"#5D88FF"
"Sweden (PTS)";"128.193749 - 128.206249 MHz";"F7 Såtenäs TWR - Hela länet - K:FV F7A";"#5D88FF"
"Sweden (PTS)";"129.23375 - 129.24625 MHz";"A/G - Såtenäs";"#5D88FF"
"Sweden (PTS)";"130.30375 - 130.31625 MHz";"Linköping/Malmen - Linköping";"#5D88FF"
"Sweden (PTS)";"131.40375 - 131.41625 MHz";"OPC - Göteborg";"#5D88FF"
"Sweden (PTS)";"131.44875 - 131.46125 MHz";"Göteborg/Landvetter - Göteborg";"#5D88FF"
"Sweden (PTS)";"131.473749 - 131.486249 MHz";"OPC - Trollhättan";"#5D88FF"
"Sweden (PTS)";"131.48375 - 131.49625 MHz";"Göteborg/Mölndal OPC - Göteborg";"#5D88FF"
"Sweden (PTS)";"131.54875 - 131.56125 MHz";"OPC - Göteborg";"#5D88FF"
"Sweden (PTS)";"131.62375 - 131.63625 MHz";"Göteborg/Landvetter OPC - Göteborg";"#5D88FF"
"Sweden (PTS)";"131.69875 - 131.71125 MHz";"Göteborg/Landvetter OPC - Göteborg";"#5D88FF"
"Sweden (PTS)";"131.758749 - 131.771249 MHz";"Lidklping OPC - Lidköping";"#5D88FF"
"Sweden (PTS)";"131.79875 - 131.81125 MHz";"Göteborg/Landvetter OPC - Göteborg";"#5D88FF"
"Sweden (PTS)";"131.848749 - 131.861249 MHz";"Göteborg/Landvetter - Göteborg";"#5D88FF"
"Sweden (PTS)";"131.87375 - 131.88625 MHz";"Landvetter - OPC - Göteborg";"#5D88FF"
"Sweden (PTS)";"132.04375 - 132.05625 MHz";"Karlsborg TWR - Karlsborg - Karlsborg TWR, Även APP";"#5D88FF"
"Sweden (PTS)";"132.76875 - 132.78125 MHz";"Hörs runt Landvetter - Göteborg - Tar gärna emot tips på vad det är";"#5D88FF"
"Sweden (PTS)";"132.99375 - 133.00625 MHz";"Karlsborg TWR - Karlsborg - Karlsborg TWR (Primaty Channel) Även APP";"#5D88FF"
"Sweden (PTS)";"134.54375 - 134.55625 MHz";"Såtenäs kontroll - Hela länet";"#5D88FF"
"Sweden (PTS)";"136.86875 - 136.88125 MHz";"Göteborg/Landvetter DL - Göteborg";"#5D88FF"
"Sweden (PTS)";"136.96875 - 136.98125 MHz";"Göteborg/Landvetter DL - Göteborg";"#5D88FF"
"Sweden (PTS)";"137 - 138 MHz";"Satellit (MSS nedlänk, ERC/DEC/(99)05)";"#00FFFF"
"Sweden (PTS)";"138 - 144 MHz";"Militär användning";"#90EE90"
"Sweden (PTS)";"144 - 146 MHz";"Amatörradio (Undantag från tillståndsplikt)";"#FF0000"
"Sweden (PTS)";"144.33775 - 144.35025 MHz";"2-metersringen (mer ...) - Borås";"#FF0000"
"Sweden (PTS)";"144.39975 - 144.41225 MHz";"Beacon - SK6VHF - Tjörn";"#FF0000"
"Sweden (PTS)";"144.50625 - 144.51875 MHz";"Link - SM6FZG - Borås";"#FF0000"
"Sweden (PTS)";"144.51875 - 144.53125 MHz";"Link - SM6FZG - Långedrag";"#FF0000"
"Sweden (PTS)";"144.54375 - 144.55625 MHz";"Crosslänk - Göteborg";"#FF0000"
"Sweden (PTS)";"144.56875 - 144.58125 MHz";"Link - SK6AG - Göteborg - Göteborg / Guldheden";"#FF0000"
"Sweden (PTS)";"144.58125 - 144.59375 MHz";"Link - SM6FZG - Mölnlycke";"#FF0000"
"Sweden (PTS)";"144.59375 - 144.60625 MHz";"Link - SM6FZG - Göteborg - Göteborg / Kortedala";"#FF0000"
"Sweden (PTS)";"144.61875 - 144.63125 MHz";"Link - SM6FZG - Hönö";"#FF0000"
"Sweden (PTS)";"144.65625 - 144.66875 MHz";"Link - SM6FZG - Myggenäs";"#FF0000"
"Sweden (PTS)";"144.66875 - 144.68125 MHz";"Link - SM6FZG - Göteborg - Göteborg / Guldheden";"#FF0000"
"Sweden (PTS)";"144.81875 - 144.83125 MHz";"Hotspot - SK6GB-D - Mölndal";"#FF0000"
"Sweden (PTS)";"144.84375 - 144.85625 MHz";"Hotspot - SG6YOW - Alingsås";"#FF0000"
"Sweden (PTS)";"145.20625 - 145.21875 MHz";"Hotspot - SK6MA-C - Hjo";"#FF0000"
"Sweden (PTS)";"145.23125 - 145.24375 MHz";"Link - SM6VAG - Hjo";"#FF0000"
"Sweden (PTS)";"145.28125 - 145.29375 MHz";"Link - SA6GDS - Istorp";"#FF0000"
"Sweden (PTS)";"145.29375 - 145.30625 MHz";"Link - SM6YRB - Lidköping - Lidköping / Kållandsö";"#FF0000"
"Sweden (PTS)";"145.31875 - 145.33125 MHz";"Gateway IRLP. SM6CYJ Götene C=71.9Hz - Götene";"#FF0000"
"Sweden (PTS)";"145.33125 - 145.34375 MHz";"D-Star ringen (mer ...) - Borås - K:V27";"#FF0000"
"Sweden (PTS)";"145.39375 - 145.40625 MHz";"Link - SA6EAL - Hajom";"#FF0000"
"Sweden (PTS)";"145.56875 - 145.58125 MHz";"DMR. - Kungshamn - K:RV46";"#FF0000"
"Sweden (PTS)";"145.58125 - 145.59375 MHz";"D-Star Repeater (mer ...) - Göteborg - K:RV47";"#FF0000"
"Sweden (PTS)";"145.59375 - 145.60625 MHz";"SK6BA/R - Kinna - K:RV48";"#FF0000"
"Sweden (PTS)";"145.60625 - 145.61875 MHz";"Repeater - SK6RPE - Kungälv";"#FF0000"
"Sweden (PTS)";"145.61875 - 145.63125 MHz";"SK6RIC - Alingsås - K:RV50";"#FF0000"
"Sweden (PTS)";"145.63125 - 145.64375 MHz";"SK6MA/R & JO78DH - Hjo - K:RV51 (R1x)";"#FF0000"
"Sweden (PTS)";"145.64375 - 145.65625 MHz";"SK6SA - Göteborg - K:RV52";"#FF0000"
"Sweden (PTS)";"145.65625 - 145.66875 MHz";"D-Star Repeater (mer ...) - Vårgårda - K:RV53";"#FF0000"
"Sweden (PTS)";"145.66875 - 145.68125 MHz";"SK6RIP - Tanumshede - K:RV54";"#FF0000"
"Sweden (PTS)";"145.68125 - 145.69375 MHz";"Repeater - SM6THE/R - Skövde";"#FF0000"
"Sweden (PTS)";"145.69375 - 145.70625 MHz";"SK6RFP - Bäckefors - K:RV56";"#FF0000"
"Sweden (PTS)";"145.70625 - 145.71875 MHz";"SK6QA/R (mer ...) - Svanesund - K:RV57";"#FF0000"
"Sweden (PTS)";"145.71875 - 145.73125 MHz";"Repeater - SK6EE/R - Skara";"#FF0000"
"Sweden (PTS)";"145.73125 - 145.74375 MHz";"SK6GX/R - Uddevalla - K:RV59";"#FF0000"
"Sweden (PTS)";"145.74375 - 145.75625 MHz";"Repeater - SK6RKI - Öckerö";"#FF0000"
"Sweden (PTS)";"145.75625 - 145.76875 MHz";"SK6DW/R - Trollhättan - K:RV61";"#FF0000"
"Sweden (PTS)";"145.76875 - 145.78125 MHz";"Repeater SK6LK-R (mer ...) - Borås - K:RV62";"#FF0000"
"Sweden (PTS)";"145.78125 - 145.79375 MHz";"Repeater - Göteborg - K:RV63";"#FF0000"
"Sweden (PTS)";"146 - 146.05 MHz";"Militär användning";"#90EE90"
"Sweden (PTS)";"146.05 - 147 MHz";"PMR (ECC/DEC/(19)02, Duplex: 150,05 - 151)";"#4545FF"
"Sweden (PTS)";"146.18125 - 146.19375 MHz";"Digitalt, Hörs prat, vet ej vad - Landvetter - ColorCode: 1 Tar gärna emot tips på vad det är";"#FFFFFF"
"Sweden (PTS)";"146.30625 - 146.31875 MHz";"Guider, Läckö Slott - Lidköping";"#FFFFFF"
"Sweden (PTS)";"146.43125 - 146.44375 MHz";"Liseberg driftpersonal - Göteborg";"#FFFFFF"
"Sweden (PTS)";"147 - 148 MHz";"Militär användning";"#90EE90"
"Sweden (PTS)";"147.35625 - 147.36875 MHz";"Pocsag Gothia Towers Göteborg (mer ...) - Göteborg - K:44958";"#FFCE83"
"Sweden (PTS)";"147.38125 - 147.39375 MHz";"Pocsag Göteborg (mer ...) - Göteborg - K:44958";"#FFCE83"
"Sweden (PTS)";"147.53125 - 147.54375 MHz";"Pocsag Bohus räddningstjänstförbund (mer ...) - Kungälv - K:44958";"#FFCE83"
"Sweden (PTS)";"148 - 150.05 MHz";"Jordstationer (mobila satellitsystem) (MSS upplänk, Undantag från tillståndsp...";"#00FFFF"
"Sweden (PTS)";"148.50625 - 148.51875 MHz";"Pocsag Södra Älvsborgs räddningstjänstförbund (mer ...) - Borås - K:44958";"#FFCE83"
"Sweden (PTS)";"148.95625 - 148.96875 MHz";"Pocsag Got Event Göteborg (mer ...) - Göteborg - K:44986";"#FFCE83"
"Sweden (PTS)";"149.10625 - 149.11875 MHz";"Utlarmning Swedavia Landvetter (mer ...) - Landvetter";"#FFCE83"
"Sweden (PTS)";"149.38125 - 149.39375 MHz";"Brand utlarmning Mark - Kinna";"#FFCE83"
"Sweden (PTS)";"150.05 - 151 MHz";"PMR (ECC/DEC/(19)02, Duplex: 146,05 - 147)";"#4545FF"
"Sweden (PTS)";"150.58125 - 150.59375 MHz";"Angered/Gårdsten - Göteborg - Troligen 69MHz-folk som köpt egen frekvens från PTS";"#FFFFFF"
"Sweden (PTS)";"151 - 154 MHz";"Militär användning";"#90EE90"
"Sweden (PTS)";"153.04375 - 153.05625 MHz";"Basradio - Såtenäs - K:1B";"#FFFFFF"
"Sweden (PTS)";"154 - 155.9875 MHz";"Sjöfartsradio";"#008080"
"Sweden (PTS)";"155.9875 - 156.0125 MHz";"Militär användning";"#90EE90"
"Sweden (PTS)";"156.0125 - 156.2875 MHz";"Sjöfartsradio (RR AP18, ECC/DEC/(19)03, Duplex: 160,6125 - 160,8875)";"#008080"
"Sweden (PTS)";"156.2875 - 156.3125 MHz";"Sjöfartsradio (RR AP15, RR AP18)";"#008080"
"Sweden (PTS)";"156.3125 - 156.3625 MHz";"Sjöfartsradio (RR AP18, ECC/DEC/(19)03, Duplex: 160,9125 - 160,9625)";"#008080"
"Sweden (PTS)";"156.3625 - 156.5125 MHz";"Sjöfartsradio (RR AP18)";"#008080"
"Sweden (PTS)";"156.44375 - 156.45625 MHz";"VTS Trollhättan - Göteborg - K:9";"#008080"
"Sweden (PTS)";"156.49375 - 156.50625 MHz";"Lysekil VTS - Lysekil";"#008080"
"Sweden (PTS)";"156.5125 - 156.5375 MHz";"Sjöfartsradio (RR AP15, RR AP18)";"#008080"
"Sweden (PTS)";"156.5375 - 156.6375 MHz";"Sjöfartsradio (RR AP18)";"#008080"
"Sweden (PTS)";"156.54375 - 156.55625 MHz";"VTS Marstrand - Marstrand - K:11";"#008080"
"Sweden (PTS)";"156.6375 - 156.6625 MHz";"Sjöfartsradio (RR AP15, RR AP18)";"#008080"
"Sweden (PTS)";"156.64375 - 156.65625 MHz";"VTS Göteborg - Göteborg - K:13";"#008080"
"Sweden (PTS)";"156.6625 - 156.7875 MHz";"Sjöfartsradio (RR AP18)";"#008080"
"Sweden (PTS)";"156.66875 - 156.68125 MHz";"Norra Kattegatt VHS - -";"#008080"
"Sweden (PTS)";"156.7875 - 156.8125 MHz";"Sjöfartsradio (RR AP15, RR AP18)";"#008080"
"Sweden (PTS)";"156.8125 - 156.8875 MHz";"Sjöfartsradio (RR AP18)";"#008080"
"Sweden (PTS)";"156.86875 - 156.88125 MHz";"Färjor till Hönö med fler - Hönö";"#008080"
"Sweden (PTS)";"156.8875 - 157.0125 MHz";"Sjöfartsradio (RR AP18, Duplex: 161,4875 - 161,6125)";"#008080"
"Sweden (PTS)";"157.0125 - 157.1875 MHz";"Sjöfartsradio (RR AP18, ECC/DEC/(19)03, Duplex: 161,6125 - 161,7875)";"#008080"
"Sweden (PTS)";"157.1875 - 157.3375 MHz";"Sjöfartsradio (RR AP18, ECC/DEC/(19)03)";"#008080"
"Sweden (PTS)";"157.3375 - 157.4375 MHz";"Sjöfartsradio (RR AP18)";"#008080"
"Sweden (PTS)";"157.4375 - 158.075 MHz";"PMR";"#4545FF"
"Sweden (PTS)";"158.00625 - 158.01875 MHz";"Personsökare - Trollhättan";"#DBFFEC"
"Sweden (PTS)";"158.075 - 160.6 MHz";"PMR (Duplex: 166,075 - 168,6)";"#4545FF"
"Sweden (PTS)";"160.6 - 160.6125 MHz";"Militär användning";"#90EE90"
"Sweden (PTS)";"160.6125 - 160.8875 MHz";"Sjöfartsradio (RR AP18, ECC/DEC/(19)03, Duplex: 156,0125 - 156,2875)";"#008080"
"Sweden (PTS)";"160.61875 - 160.63125 MHz";"Marin UHF Stockholmradio - Göteborg - Fartyg 156.02500 MHz - Kust 160.62500 MHz";"#008080"
"Sweden (PTS)";"160.64375 - 160.65625 MHz";"Stockholmradio (mer ...) - Hällekis - K:1";"#008080"
"Sweden (PTS)";"160.66875 - 160.68125 MHz";"Marinradio Uddevalla - Uddevalle - 156.075";"#008080"
"Sweden (PTS)";"160.69375 - 160.70625 MHz";"Marin UHF Stockholmradio - Trolhättan - Fartyg 156.10000 MHz - Kust 160.70000 MHz";"#008080"
"Sweden (PTS)";"160.71875 - 160.73125 MHz";"Marin UHF Stockholmradio - Grebbestad - Fartyg 156.12500 MHz - Kust 160.72500 MHz";"#008080"
"Sweden (PTS)";"160.84375 - 160.85625 MHz";"Marin UHF Stockholmradio - Bäckefors - Fartyg 156.25000 MHz - Kust 160.85000 MHz";"#008080"
"Sweden (PTS)";"160.8875 - 160.9125 MHz";"Sjöfartsradio (RR AP18, ECC/DEC/(22)02)";"#008080"
"Sweden (PTS)";"160.9125 - 160.9625 MHz";"Sjöfartsradio (RR AP18, ECC/DEC/(19)03, Duplex: 156,3125 - 156,3625)";"#008080"
"Sweden (PTS)";"160.9625 - 161.4875 MHz";"PMR";"#4545FF"
"Sweden (PTS)";"161.4875 - 161.6125 MHz";"Sjöfartsradio (RR AP18, ECC/DEC/(19)03, Duplex: 156,8875 - 157,0125)";"#008080"
"Sweden (PTS)";"161.51875 - 161.53125 MHz";"Stockholmradio (mer ...) - Bäckefors - K:78";"#008080"
"Sweden (PTS)";"161.6125 - 161.7875 MHz";"Sjöfartsradio (RR AP18, ECC/DEC/(19)03, Duplex: 157,0125 - 157,1875)";"#008080"
"Sweden (PTS)";"161.66875 - 161.68125 MHz";"Stockholmradio - Skärhamn - K:81";"#008080"
"Sweden (PTS)";"161.69375 - 161.70625 MHz";"Stockholmradio (mer ...) - Strömstad - K:22";"#008080"
"Sweden (PTS)";"161.74375 - 161.75625 MHz";"Stockholmradio (mer ...) - Kungshamn - K:23";"#008080"
"Sweden (PTS)";"161.7875 - 161.9625 MHz";"Sjöfartsradio (RR AP18, ECC/DEC/(19)03)";"#008080"
"Sweden (PTS)";"161.79375 - 161.80625 MHz";"Stockholmradio (mer ...) - Göteborg - K:24";"#008080"
"Sweden (PTS)";"161.81875 - 161.83125 MHz";"Stockholmradio (mer ...) - Uddevalla - K:84";"#008080"
"Sweden (PTS)";"161.84375 - 161.85625 MHz";"Stockholmradio (mer ...) - Trollhättan - K:25";"#008080"
"Sweden (PTS)";"161.89375 - 161.90625 MHz";"Stockholmradio (mer ...) - Grebbestad - K:26";"#008080"
"Sweden (PTS)";"161.9625 - 161.9875 MHz";"Sjöfartsradio (RR AP15, RR AP18)";"#008080"
"Sweden (PTS)";"161.9875 - 162.0125 MHz";"Sjöfartsradio (RR AP18)";"#008080"
"Sweden (PTS)";"162.0125 - 162.0375 MHz";"Sjöfartsradio (RR AP15, RR AP18)";"#008080"
"Sweden (PTS)";"162.0375 - 163 MHz";"PMR (Duplex: 170,025 - 171)";"#4545FF"
"Sweden (PTS)";"163 - 164 MHz";"Militär användning (Duplex: 171 - 172)";"#90EE90"
"Sweden (PTS)";"164 - 166 MHz";"PMR (Duplex: 172 - 174)";"#4545FF"
"Sweden (PTS)";"166 - 166.075 MHz";"PMR";"#4545FF"
"Sweden (PTS)";"166.075 - 168.6 MHz";"PMR (Duplex: 158,075 - 160,6)";"#4545FF"
"Sweden (PTS)";"166.15625 - 166.16875 MHz";"STCC. Skövde C=71.9Hz - Skövde - 158.1625";"#DBFFEC"
"Sweden (PTS)";"166.18125 - 166.19375 MHz";"Industri (mer ...) - Göteborg";"#FFFFFF"
"Sweden (PTS)";"166.20625 - 166.21875 MHz";"VRS - Göteborg - K:1";"#FFFFFF"
"Sweden (PTS)";"166.25625 - 166.26875 MHz";"FRO Västra frölunda - Göteborg - 158.2625";"#DBFFEC"
"Sweden (PTS)";"166.53375 - 166.54625 MHz";"Prat, vet ej vad - Landvetter - Tar gärna emot tips på vad det är";"#FFFFFF"
"Sweden (PTS)";"166.88125 - 166.89375 MHz";"Taxi Borås - Borås";"#91FF00"
"Sweden (PTS)";"167.10625 - 167.11875 MHz";"Taxi - Falköping - K:1";"#FFFFFF"
"Sweden (PTS)";"167.20624 - 167.21874 MHz";"Arkitektkopia - Göteborg";"#FFFFFF"
"Sweden (PTS)";"167.75625 - 167.76875 MHz";"VRS - Björketorp - K:2";"#FFFFFF"
"Sweden (PTS)";"167.90625 - 167.91875 MHz";"FRO Västra frölunda - Göteborg - 159.9125";"#DBFFEC"
"Sweden (PTS)";"168.06875 - 168.08125 MHz";"Ambulans Halden - Ed";"#FFFFFF"
"Sweden (PTS)";"168.6 - 168.625 MHz";"Ej tilldelat";"#FFFFFF"
"Sweden (PTS)";"168.625 - 170.025 MHz";"PMR";"#4545FF"
"Sweden (PTS)";"169.08125 - 169.09375 MHz";"Pocsag Samhällskydd Mellersta Skaraborg (mer ...) - Falköping - K:44927";"#FFCE83"
"Sweden (PTS)";"170.025 - 171 MHz";"PMR (Duplex: 162,025 - 163)";"#4545FF"
"Sweden (PTS)";"170.40625 - 170.41875 MHz";"Securitas - Borås - K:5";"#D00098"
"Sweden (PTS)";"170.83375 - 170.84625 MHz";"Securitas - Alingsås";"#D00098"
"Sweden (PTS)";"171 - 172 MHz";"Militär användning (Duplex: 163 - 164)";"#90EE90"
"Sweden (PTS)";"172 - 174 MHz";"PMR (Duplex: 164 - 166)";"#4545FF"
"Sweden (PTS)";"174 - 223 MHz";"Rundradio (T-DAB) (Även DVB-T2, Band III, kanal 5 - 11, GE06)";"#00FF9A"
"Sweden (PTS)";"181.92975 - 181.94225 MHz";"NRJ - Göteborg - Bauer";"#DBFFEC"
"Sweden (PTS)";"185.35375 - 185.36625 MHz";"Bandit Rock - Göteborg - Viaplay";"#DBFFEC"
"Sweden (PTS)";"223 - 230 MHz";"Rundradio (T-DAB) (Även DVB-T2, Band III, kanal 12, GE06)";"#00FF9A"
"Sweden (PTS)";"223.92975 - 223.94225 MHz";"DAB - Hela länet - K:12A";"#00FF9A"
"Sweden (PTS)";"225.64175 - 225.65425 MHz";"SR P1 - Göteborg - Sveriges Radio";"#DBFFEC"
"Sweden (PTS)";"230 - 240 MHz";"Rundradio (T-DAB) (WI95revCO07, Regeringens beslut om sändningsutrymme för ko...";"#00FF9A"
"Sweden (PTS)";"240 - 242.95 MHz";"Luftfartsradio";"#5D88FF"
"Sweden (PTS)";"242.95 - 243.05 MHz";"SAR (kommunikation)";"#FF0091"
"Sweden (PTS)";"243.05 - 267 MHz";"Luftfartsradio";"#5D88FF"
"Sweden (PTS)";"244.79375 - 244.80625 MHz";"Flygvapnet STRIL - Hela länet - K:747";"#5D88FF"
"Sweden (PTS)";"267 - 328.6 MHz";"Militär användning";"#90EE90"
"Sweden (PTS)";"275.84375 - 275.85625 MHz";"Flygvapnet STRIL - Hela länet - K:Krabban 305";"#5D88FF"
"Sweden (PTS)";"290.69375 - 290.70625 MHz";"Flygvapnet STRIL - Hela länet - K:Tigern 307";"#5D88FF"
"Sweden (PTS)";"328.6 - 335.4 MHz";"Radionavigering för luftfart (ILS Glide Path)";"#00FF7F"
"Sweden (PTS)";"329.89375 - 329.90625 MHz";"Glidbane-sändare - Landvetter - Bana 21";"#5D88FF"
"Sweden (PTS)";"334.99375 - 335.00625 MHz";"Glidbane-sändare - Landvetter - Bana 03";"#5D88FF"
"Sweden (PTS)";"335.4 - 380 MHz";"Militär användning";"#90EE90"
"Sweden (PTS)";"375.41875 - 375.43125 MHz";"Västtrafik Informerar om förseni - Göteborg";"#FFFFFF"
"Sweden (PTS)";"380 - 385 MHz";"TETRA (Blocktillstånd, Rakel, Duplex: 390 - 395)";"#00FF89"
"Sweden (PTS)";"385 - 386 MHz";"Militär användning";"#90EE90"
"Sweden (PTS)";"386 - 387 MHz";"Fast radio (Svensk kanalplan, Smalbandig, Duplex: 370 - 371)";"#FF0077"
"Sweden (PTS)";"387 - 390 MHz";"Militär användning";"#90EE90"
"Sweden (PTS)";"390 - 395 MHz";"Landmobil radio (Blocktillstånd, Rakel, Duplex: 380 - 385)";"#00FF89"
"Sweden (PTS)";"395 - 399.9 MHz";"Militär användning";"#90EE90"
"Sweden (PTS)";"399.9 - 400.05 MHz";"Jordstationer (mobila satellitsystem) (MSS upplänk)";"#00FFFF"
"Sweden (PTS)";"400.05 - 400.15 MHz";"Standardfrekvens och tidssignal via satellit";"#00FFFF"
"Sweden (PTS)";"400.15 - 401 MHz";"Satellit (MSS nedlänk, ERC/DEC/(99)05)";"#00FFFF"
"Sweden (PTS)";"401 - 402 MHz";"Meteorologi";"#738FFF"
"Sweden (PTS)";"402 - 403 MHz";"Meteorologi via satellit (Upplänk)";"#00FFFF"
"Sweden (PTS)";"403 - 404 MHz";"Meteorologi";"#738FFF"
"Sweden (PTS)";"404 - 406 MHz";"Aktiva medicinska implantat (Undantag från tillståndsplikt, Not 1)";"#7676FF"
"Sweden (PTS)";"405.04375 - 405.05625 MHz";"Kranförare Yttre Hamnen - Göteborg";"#FFFFFF"
"Sweden (PTS)";"406 - 406.1 MHz";"Sjöfartsradio (EPIRB) (Undantag från tillståndsplikt, RR AP15)";"#FF0091"
"Sweden (PTS)";"406.1 - 406.2 MHz";"Ej tilldelat";"#FFFFFF"
"Sweden (PTS)";"406.2 - 410 MHz";"PMR (ECC/DEC/(19)02)";"#4545FF"
"Sweden (PTS)";"409.21875 - 409.23125 MHz";"ASTAZERO AB (mer ...) - Borås";"#FFFFFF"
"Sweden (PTS)";"410 - 420 MHz";"TETRA (Duplex: 420 - 430)";"#00FF89"
"Sweden (PTS)";"417.59375 - 417.60625 MHz";"DATAPROTECT - Borås";"#FFFFFF"
"Sweden (PTS)";"420 - 420.0125 MHz";"GKN Aerospace - Vakten - Trollhättan";"#DBFFEC"
"Sweden (PTS)";"420 - 430 MHz";"TETRA (Duplex: 410 - 420)";"#00FF89"
"Sweden (PTS)";"422.24995 - 422.26245 MHz";"Prat, vet ej vad. Hörd i Lanvetter - Landvetter - Subtone: 186.2  Tar gärna emot tips på vad det är";"#FFFFFF"
"Sweden (PTS)";"424.39375 - 424.40625 MHz";"Göteborgs inre hamn - Göteborg";"#FFFFFF"
"Sweden (PTS)";"425.29375 - 425.30625 MHz";"ASTAZERO AB (mer ...) - Borås";"#FFFFFF"
"Sweden (PTS)";"425.46875 - 425.48125 MHz";"Sahlgrenska Universitetssjukhuse - Göteborg";"#FFFFFF"
"Sweden (PTS)";"425.54375 - 425.55625 MHz";"Göteborgs spårvägar - Göteborg";"#FFFFFF"
"Sweden (PTS)";"426.19375 - 426.20625 MHz";"Häktet Kriminalvården - Göteborg";"#FFFFFF"
"Sweden (PTS)";"427.61875 - 427.63125 MHz";"Liseberg (mer ...) - Göteborg";"#00FF89"
"Sweden (PTS)";"429.3125 - 429.325 MHz";"Borås Djurpark - Borås";"#FFFFFF"
"Sweden (PTS)";"430 - 432 MHz";"Militär användning";"#90EE90"
"Sweden (PTS)";"430.39375 - 430.40625 MHz";"Tåget Oslo-GBG - Hela länet";"#FFFFFF"
"Sweden (PTS)";"432 - 438 MHz";"Amatörradio (Undantag från tillståndsplikt)";"#FF0000"
"Sweden (PTS)";"432.42975 - 432.44225 MHz";"Beacon - SK6YH/B - Tjörn";"#FF0000"
"Sweden (PTS)";"433.46875 - 433.48125 MHz";"Link - SA6RP - Floda";"#FF0000"
"Sweden (PTS)";"433.55625 - 433.56875 MHz";"Hotspot - SK6BA-B - Skene";"#FF0000"
"Sweden (PTS)";"433.71875 - 433.73125 MHz";"Hotspot - SK6GB-D - Mölndal";"#FF0000"
"Sweden (PTS)";"434.04375 - 434.05625 MHz";"SA6KOL - Nod SVX-link - Ed";"#FF0000"
"Sweden (PTS)";"434.50625 - 434.51875 MHz";"D-Star Repeater Guldheden (mer ...) - Göteborg - K:RU361";"#FF0000"
"Sweden (PTS)";"434.53125 - 434.54375 MHz";"Repeater - SK6DG - Alingsås";"#FF0000"
"Sweden (PTS)";"434.54375 - 434.55625 MHz";"DMR Repeater SM6TKT/R (mer ...) - Borås - K:RU364";"#FF0000"
"Sweden (PTS)";"434.55625 - 434.56875 MHz";"D-star. - Uddevalla - K:RU365";"#FF0000"
"Sweden (PTS)";"434.58125 - 434.59375 MHz";"D-Star Repeater SK6LK-B (mer ...) - Borås - K:RU367";"#FF0000"
"Sweden (PTS)";"434.59375 - 434.60625 MHz";"SA6AEG/R (mer ...) - Falköping - K:RU0 / RU368";"#FF0000"
"Sweden (PTS)";"434.61875 - 434.63125 MHz";"Repeater - SK6RIC - Alingsås";"#FF0000"
"Sweden (PTS)";"434.64375 - 434.65625 MHz";"Repeater - SK6RFQ - Guldheden";"#FF0000"
"Sweden (PTS)";"434.66875 - 434.68125 MHz";"Repeater - SM6UXW/R - Ulricehamn";"#FF0000"
"Sweden (PTS)";"434.68125 - 434.69375 MHz";"Repeater - SL6ZYW/R - Bengtsfors";"#FF0000"
"Sweden (PTS)";"434.69375 - 434.70625 MHz";"Repeater - SM6VBT/R - Mölndal";"#FF0000"
"Sweden (PTS)";"434.71875 - 434.73125 MHz";"Repeater - SM6WSC - Trollhättan";"#FF0000"
"Sweden (PTS)";"434.73125 - 434.74375 MHz";"Repeater - SA6BXG/R - Kungälv - Kungälv / Romelanda";"#FF0000"
"Sweden (PTS)";"434.74375 - 434.75625 MHz";"Repeater - SK6DQ/R - Älvängen";"#FF0000"
"Sweden (PTS)";"434.76875 - 434.78125 MHz";"SK6IF/R , D-star. - Kungshamn - K:RU382.";"#FF0000"
"Sweden (PTS)";"434.78125 - 434.79375 MHz";"Repeater - SK6AG - Guldheden";"#FF0000"
"Sweden (PTS)";"434.79375 - 434.80625 MHz";"Repeater SK6RBS (mer ...) - Borås - K:RU384";"#FF0000"
"Sweden (PTS)";"434.81875 - 434.83125 MHz";"Repeater - SK6EI/R - Skövde";"#FF0000"
"Sweden (PTS)";"434.84375 - 434.85625 MHz";"SK6TY (mer ...) - Vårgårda - K:RU388";"#FF0000"
"Sweden (PTS)";"434.86875 - 434.88125 MHz";"SK6DW/R -2MHz - Trollhättan - K:RU390";"#FF0000"
"Sweden (PTS)";"434.88125 - 434.89375 MHz";"Repeater - SA6ATX/R - Dingle ";"#FF0000"
"Sweden (PTS)";"434.89375 - 434.90625 MHz";"SK6NL/R (mer ...) - Kungälv - K:RU392";"#FF0000"
"Sweden (PTS)";"434.91875 - 434.93125 MHz";"Repeater - SA6AR/R - Angered";"#FF0000"
"Sweden (PTS)";"434.94375 - 434.95625 MHz";"Repeater - SM6CYJ/R - Kinnekulle";"#FF0000"
"Sweden (PTS)";"434.96875 - 434.98125 MHz";"Repeater - SK6RDG - Guldheden";"#FF0000"
"Sweden (PTS)";"434.98125 - 434.99375 MHz";"Repeater - SA6APY - Skara";"#FF0000"
"Sweden (PTS)";"438 - 442 MHz";"Militär användning";"#90EE90"
"Sweden (PTS)";"442 - 444 MHz";"PMR (ECC/DEC/(19)02, Duplex: 448 - 450)";"#4545FF"
"Sweden (PTS)";"444 - 444.5875 MHz";"Militär användning";"#90EE90"
"Sweden (PTS)";"444.5875 - 446 MHz";"PMR (ECC/DEC/(19)02)";"#4545FF"
"Sweden (PTS)";"445.475 - 445.4875 MHz";"Euromaint Rail - Göteborg";"#FFFFFF"
"Sweden (PTS)";"446 - 446.2 MHz";"PMR 446 (Undantag från tillståndsplikt, Not 1)";"#4545FF"
"Sweden (PTS)";"446.2 - 448 MHz";"PMR (ECC/DEC/(19)02)";"#4545FF"
"Sweden (PTS)";"446.74375 - 446.75625 MHz";"Eventsäkerhet (mer ...) - Borås";"#FFFFFF"
"Sweden (PTS)";"447.31875 - 447.33125 MHz";"BORÅS STAD - Borås";"#FFFFFF"
"Sweden (PTS)";"448 - 450 MHz";"PMR (ECC/DEC/(19)02, Duplex: 442 - 444)";"#4545FF"
"Sweden (PTS)";"448.16875 - 448.18125 MHz";"Borås Energi och Miljö - Borås";"#FFFFFF"
"Sweden (PTS)";"450 - 452.5 MHz";"PMR (ECC/DEC/(19)02, Duplex: 460 - 462,5)";"#4545FF"
"Sweden (PTS)";"452.5 - 457.5 MHz";"MFCN (Blocktillstånd, Duplex: 462,5 - 467,5)";"#FFE600"
"Sweden (PTS)";"457.5 - 460 MHz";"PMR (ECC/DEC/(19)02, Duplex: 467,5 - 470)";"#4545FF"
"Sweden (PTS)";"460 - 462.5 MHz";"PMR (ECC/DEC/(19)02, Duplex: 450 - 452,5)";"#4545FF"
"Sweden (PTS)";"460.14375 - 460.15625 MHz";"Liseberg - Göteborg";"#FFFFFF"
"Sweden (PTS)";"460.99375 - 461.00625 MHz";"Securitas - Göteborg";"#D00098"
"Sweden (PTS)";"462.21875 - 462.23125 MHz";"Sveriges radio SR - Göteborg - K:Kanal 91";"#FFFFFF"
"Sweden (PTS)";"462.5 - 467.5 MHz";"MFCN (Blocktillstånd, Duplex: 452,5 - 457,5)";"#FFE600"
"Sweden (PTS)";"467.5 - 470 MHz";"PMR (ECC/DEC/(19)02, Duplex: 457,5 - 460)";"#4545FF"
"Sweden (PTS)";"468.31875 - 468.33125 MHz";"Oslotåget - Hela länet";"#FFFFFF"
"Sweden (PTS)";"468.34375 - 468.35625 MHz";"Tåget Oslo-GBG - Hela länet";"#FFFFFF"
"Sweden (PTS)";"468.36875 - 468.38125 MHz";"Tåget Oslo-GBG - Hela länet";"#FFFFFF"
"Sweden (PTS)";"468.39375 - 468.40625 MHz";"Tåget Oslo-GBG - Hela länet";"#FFFFFF"
"Sweden (PTS)";"468.41875 - 468.43125 MHz";"Tåget Oslo-GBG - Hela länet";"#FFFFFF"
"Sweden (PTS)";"468.44375 - 468.45625 MHz";"Tåget Oslo-GBG - Hela länet";"#FFFFFF"
"Sweden (PTS)";"469.54375 - 469.55625 MHz";"NEVS - Digitaltrafik - Trollhättan - Digital trafik inom NEVS område";"#FFFFFF"
"Sweden (PTS)";"470 - 694 MHz";"Rundradio (DVB-T) (Även DVB-T2, Band IV/V, kanal 21-48, GE06)";"#FFE55C"
"Sweden (PTS)";"694 - 862 MHz";"MFCN (Blocktillstånd, Undantag från tillståndsplikt)";"#FFE600"
"Sweden (PTS)";"862 - 868.6 MHz";"Allmän kortdistansradio (Undantag från tillståndsplikt, Not 1)";"#006179"
"Sweden (PTS)";"868.6 - 869.7 MHz";"Larmöverföring (Undantag från tillståndsplikt, Not 1)";"#D00098"
"Sweden (PTS)";"869.7 - 870 MHz";"Allmän kortdistansradio (Undantag från tillståndsplikt, Not 1)";"#006179"
"Sweden (PTS)";"870 - 874.4 MHz";"Allmän kortdistansradio (Beslut (EU) 2018/1538, i lydelsen enligt beslut (EU)...";"#006179"
"Sweden (PTS)";"874.4 - 880 MHz";"Mobil radio för järnväg (RMR) (Beslut (EU) 2021/1730, ECC/DEC/(20)02, Duplex:...";"#FFD500"
"Sweden (PTS)";"880 - 915 MHz";"MFCN (Blocktillstånd, Undantag från tillståndsplikt, Duplex: 925 - 960)";"#FFE600"
"Sweden (PTS)";"915 - 919.4 MHz";"Allmän kortdistansradio (Beslut (EU) 2018/1538, i lydelsen enligt beslut (EU)...";"#006179"
"Sweden (PTS)";"919.4 - 925 MHz";"Mobil radio för järnväg (RMR) (Beslut (EU) 2021/1730, ECC/DEC/(20)02, Duplex:...";"#FFD500"
"Sweden (PTS)";"925 - 960 MHz";"MFCN (Blocktillstånd, Undantag från tillståndsplikt, Duplex: 880 - 915)";"#FFE600"
"Sweden (PTS)";"960 - 1026 MHz";"Radionavigering för luftfart (DME)";"#00FF7F"
"Sweden (PTS)";"1026 - 1034 MHz";"Luftfartsradio (SSR) (Duplex: 1086 - 1094)";"#5D88FF"
"Sweden (PTS)";"1034 - 1086 MHz";"Radionavigering för luftfart (DME)";"#00FF7F"
"Sweden (PTS)";"1086 - 1094 MHz";"Luftfartsradio (SSR) (Duplex: 1026 - 1034)";"#5D88FF"
"Sweden (PTS)";"1094 - 1215 MHz";"Radionavigering för luftfart (DME)";"#00FF7F"
"Sweden (PTS)";"1215 - 1237 MHz";"Satellitnavigerings-system (GPS, ECC/REC/(10)02)";"#FFFF00"
"Sweden (PTS)";"1237 - 1240 MHz";"Satellitnavigerings-system (GLONASS, ECC/REC/(10)02)";"#FF9A00"
"Sweden (PTS)";"1240 - 1300 MHz";"Amatörradio (Undantag från tillståndsplikt)";"#FF0000"
"Sweden (PTS)";"1296.79375 - 1296.80625 MHz";"Beacon - SK6MHI - Hönö";"#FF0000"
"Sweden (PTS)";"1296.79875 - 1296.81125 MHz";"Beacon - SK6UHI - Tjörn";"#FF0000"
"Sweden (PTS)";"1297.01875 - 1297.03125 MHz";"Repeater - Alingsås på 23cm - Alingsås - SK6RIC";"#FF0000"
"Sweden (PTS)";"1297.14375 - 1297.15625 MHz";"Repeater - Göteborg på 23cm - Göteborg - (Guldheden) - infrekvens 1291.150 MHz";"#FF0000"
"Sweden (PTS)";"1300 - 1400 MHz";"Militär användning (ECC/DEC/(11)01)";"#90EE90"
"Sweden (PTS)";"1400 - 1427 MHz";"Jordutforskning via satellit (ECC/DEC/(11)01)";"#00FFFF"
"Sweden (PTS)";"1427 - 1518 MHz";"MFCN (Beslut (EU) 2015/750, i lydelsen enligt beslut (EU) 2018/661, ECC/DEC/(...";"#FFE600"
"Sweden (PTS)";"1518 - 1525 MHz";"Satellit (MSS nedlänk, ECC/DEC/(04)09)";"#00FFFF"
"Sweden (PTS)";"1525 - 1544 MHz";"Satellit (MSS nedlänk, ECC/DEC/(12)01)";"#00FFFF"
"Sweden (PTS)";"1544 - 1545 MHz";"Sjöfartsradio (Nöd- och säkerhetstrafik)";"#FF0091"
"Sweden (PTS)";"1545 - 1559 MHz";"Satellit (MSS nedlänk, ECC/DEC/(12)01)";"#00FFFF"
"Sweden (PTS)";"1559 - 1563 MHz";"Satellitnavigerings-system (GALILEO, ECC/REC/(10)02)";"#5D88FF"
"Sweden (PTS)";"1563 - 1587 MHz";"Satellitnavigerings-system (GPS, ECC/REC/(10)02)";"#FFFF00"
"Sweden (PTS)";"1587 - 1591 MHz";"Satellitnavigerings-system (GALILEO, ECC/REC/(10)02)";"#5D88FF"
"Sweden (PTS)";"1591 - 1610 MHz";"Satellitnavigerings-system (GLONASS, ECC/REC/(10)02)";"#FF9A00"
"Sweden (PTS)";"1610 - 1645.5 MHz";"Jordstationer (mobila satellitsystem) (MSS upplänk, Undantag från tillståndsp...";"#00FFFF"
"Sweden (PTS)";"1645.5 - 1646.5 MHz";"Sjöfartsradio (Nöd- och säkerhetstrafik)";"#FF0091"
"Sweden (PTS)";"1646.5 - 1660.5 MHz";"Jordstationer (mobila satellitsystem) (MSS upplänk, Undantag från tillståndsp...";"#00FFFF"
"Sweden (PTS)";"1660.5 - 1668 MHz";"Radioastronomi (Onsala rymdobservatorium)";"#FFFF00"
"Sweden (PTS)";"1668 - 1670 MHz";"Jordstationer (mobila satellitsystem) (MSS upplänk)";"#00FFFF"
"Sweden (PTS)";"1670 - 1675 MHz";"Jordstationer (mobila satellitsystem) (MSS upplänk, ECC/DEC/(04)09)";"#00FFFF"
"Sweden (PTS)";"1675 - 1710 MHz";"Meteorologi via satellit";"#00FFFF"
"Sweden (PTS)";"1710 - 1785 MHz";"MFCN (Blocktillstånd, Undantag från tillståndsplikt, Duplex: 1805 - 1880)";"#FFE600"
"Sweden (PTS)";"1785 - 1804.8 MHz";"Ljudöverföring (Undantag från tillståndsplikt, Not 1)";"#FFBC00"
"Sweden (PTS)";"1804.8 - 1805 MHz";"Ej tilldelat";"#FFFFFF"
"Sweden (PTS)";"1805 - 1880 MHz";"MFCN (Blocktillstånd, Undantag från tillståndsplikt, Duplex: 1710 - 1785)";"#FFE600"
"Sweden (PTS)";"1880 - 1900 MHz";"DECT (Undantag från tillståndsplikt, Direktiv 91/287/EEG)";"#1A00FF"
"Sweden (PTS)";"1900 - 1920 MHz";"MFCN (Blocktillstånd, ECC/DEC/(22)01)";"#FFE600"
"Sweden (PTS)";"1920 - 1980 MHz";"MFCN (Blocktillstånd, Undantag från tillståndsplikt, Duplex: 2110 - 2170)";"#FFE600"
"Sweden (PTS)";"1980 - 2010 MHz";"Jordstationer (mobila satellitsystem) (MSS upplänk, Blocktillstånd)";"#00FFFF"
"Sweden (PTS)";"2010 - 2025 MHz";"Video PMSE (Beslut (EU) 2016/339)";"#FFBC00"
"Sweden (PTS)";"2025 - 2110 MHz";"Militär användning";"#90EE90"
"Sweden (PTS)";"2110 - 2170 MHz";"MFCN (Blocktillstånd, Undantag från tillståndsplikt, Duplex: 1920 - 1980)";"#FFE600"
"Sweden (PTS)";"2170 - 2200 MHz";"Satellit (MSS nedlänk, Blocktillstånd)";"#00FFFF"
"Sweden (PTS)";"2200 - 2300 MHz";"Militär användning";"#90EE90"
"Sweden (PTS)";"2300 - 2380 MHz";"MFCN (Blocktillstånd, ECC/DEC/(14)02)";"#FFE600"
"Sweden (PTS)";"2320.79375 - 2320.80625 MHz";"Beacon - SK6MHI - Göteborg";"#FF0000"
"Sweden (PTS)";"2380 - 2400 MHz";"MFCN (ECC/DEC/(14)02, ECC/DEC/(22)01)";"#FFE600"
"Sweden (PTS)";"2400 - 2450 MHz";"Amatörradio (Undantag från tillståndsplikt)";"#FF0000"
"Sweden (PTS)";"2402 - 2422 MHz";"WiFi 2.4G Ch 1 (2412 MHz)";"#006179"
"Sweden (PTS)";"2427 - 2447 MHz";"WiFi 2.4G Ch 6 (2437 MHz)";"#009980"
"Sweden (PTS)";"2450 - 2483.5 MHz";"WiFi 2.4 GHz (Ch 1-13, DFS-fri)";"#009980"
"Sweden (PTS)";"2452 - 2472 MHz";"WiFi 2.4G Ch 11 (2462 MHz)";"#006179"
"Sweden (PTS)";"2483.5 - 2500 MHz";"Satellit (MSS nedlänk, ECC/DEC/(09)02)";"#00FFFF"
"Sweden (PTS)";"2500 - 2690 MHz";"MFCN (Blocktillstånd, Undantag från tillståndsplikt)";"#FFE600"
"Sweden (PTS)";"2690 - 2700 MHz";"Radioastronomi (Onsala rymdobservatorium)";"#FFFF00"
"Sweden (PTS)";"2700 - 2900 MHz";"Radionavigering för luftfart";"#00FF7F"
"Sweden (PTS)";"2900 - 3100 MHz";"Sjöfartsradar (Undantag från tillståndsplikt)";"#04B704"
"Sweden (PTS)";"3100 - 3400 MHz";"Militär användning";"#90EE90"
"Sweden (PTS)";"3400 - 3720 MHz";"MFCN (Blocktillstånd, Beslut 2008/411/EG, i lydelsen enligt beslut (EU) 2019/...";"#FFE600"
"Sweden (PTS)";"3720 - 3800 MHz";"MFCN (Blocktillstånd (lokala tillstånd), Beslut 2008/411/EG, i lydelsen enlig...";"#FFE600"
"Sweden (PTS)";"3800 - 4200 MHz";"MFCN (ECC/DEC/(24)01)";"#FFE600"
"Sweden (PTS)";"4200 - 4400 MHz";"Mobil luftfartsradio (WAIC)";"#5D88FF"
"Sweden (PTS)";"4400 - 4500 MHz";"Militär användning";"#90EE90"
"Sweden (PTS)";"4500 - 4800 MHz";"Satellit (FSS nedlänk, RR AP30B)";"#00FFFF"
"Sweden (PTS)";"4800 - 4990 MHz";"Militär användning";"#90EE90"
"Sweden (PTS)";"4990 - 5000 MHz";"Radioastronomi (Onsala rymdobservatorium)";"#FFFF00"
"Sweden (PTS)";"5000 - 5030 MHz";"Radionavigering för luftfart";"#00FF7F"
"Sweden (PTS)";"5030 - 5150 MHz";"Luftfartsradio (MLS)";"#5D88FF"
"Sweden (PTS)";"5150 - 5250 MHz";"WiFi 5G UNII-1 DFS-fri (Ch 36-48)";"#009980"
"Sweden (PTS)";"5170 - 5190 MHz";"WiFi 5G Ch 36 DFS-fri (5180 MHz)";"#009980"
"Sweden (PTS)";"5190 - 5210 MHz";"WiFi 5G Ch 40 DFS-fri (5200 MHz)";"#006179"
"Sweden (PTS)";"5210 - 5230 MHz";"WiFi 5G Ch 44 DFS-fri (5220 MHz)";"#009980"
"Sweden (PTS)";"5230 - 5250 MHz";"WiFi 5G Ch 48 DFS-fri (5240 MHz)";"#006179"
"Sweden (PTS)";"5250 - 5270 MHz";"WiFi 5G Ch 52 DFS (5260 MHz)";"#009980"
"Sweden (PTS)";"5250 - 5350 MHz";"WiFi 5G UNII-2 DFS (Ch 52-64)";"#006179"
"Sweden (PTS)";"5270 - 5290 MHz";"WiFi 5G Ch 56 DFS (5280 MHz)";"#006179"
"Sweden (PTS)";"5290 - 5310 MHz";"WiFi 5G Ch 60 DFS (5300 MHz)";"#009980"
"Sweden (PTS)";"5310 - 5330 MHz";"WiFi 5G Ch 64 DFS (5320 MHz)";"#006179"
"Sweden (PTS)";"5350 - 5460 MHz";"Jordutforskning via satellit (Copernicus)";"#00FFFF"
"Sweden (PTS)";"5460 - 5470 MHz";"Radionavigering för luftfart";"#00FF7F"
"Sweden (PTS)";"5470 - 5650 MHz";"WiFi 5G UNII-2ext DFS (Ch 100-144)";"#006179"
"Sweden (PTS)";"5490 - 5510 MHz";"WiFi 5G Ch 100 DFS (5500 MHz)";"#009980"
"Sweden (PTS)";"5510 - 5530 MHz";"WiFi 5G Ch 104 DFS (5520 MHz)";"#006179"
"Sweden (PTS)";"5530 - 5550 MHz";"WiFi 5G Ch 108 DFS (5540 MHz)";"#009980"
"Sweden (PTS)";"5550 - 5570 MHz";"WiFi 5G Ch 112 DFS (5560 MHz)";"#006179"
"Sweden (PTS)";"5570 - 5590 MHz";"WiFi 5G Ch 116 DFS (5580 MHz)";"#009980"
"Sweden (PTS)";"5590 - 5610 MHz";"WiFi 5G Ch 120 DFS (5600 MHz)";"#006179"
"Sweden (PTS)";"5610 - 5630 MHz";"WiFi 5G Ch 124 DFS (5620 MHz)";"#009980"
"Sweden (PTS)";"5630 - 5650 MHz";"WiFi 5G Ch 128 DFS (5640 MHz)";"#006179"
"Sweden (PTS)";"5650 - 5670 MHz";"WiFi 5G Ch 132 DFS (5660 MHz)";"#009980"
"Sweden (PTS)";"5650 - 5850 MHz";"Amatörradio (Undantag från tillståndsplikt)";"#FF0000"
"Sweden (PTS)";"5670 - 5690 MHz";"WiFi 5G Ch 136 DFS (5680 MHz)";"#006179"
"Sweden (PTS)";"5690 - 5710 MHz";"WiFi 5G Ch 140 DFS (5700 MHz)";"#009980"
"Sweden (PTS)";"5710 - 5730 MHz";"WiFi 5G Ch 144 DFS (5720 MHz)";"#006179"
"Sweden (PTS)";"5760.79375 - 5760.80625 MHz";"Beacon - SK6MHI - Göteborg";"#FF0000"
"Sweden (PTS)";"5850 - 5855 MHz";"Allmän kortdistansradio (Undantag från tillståndsplikt, Not 1)";"#006179"
"Sweden (PTS)";"5855 - 5875 MHz";"ITS (Undantag från tillståndsplikt, Not 1)";"#91FF00"
"Sweden (PTS)";"5875 - 5945 MHz";"Jordstationer (fasta satellitsystem) (FSS upplänk, ECC/DEC/(05)09)";"#00FFFF"
"Sweden (PTS)";"5945 - 5965 MHz";"WiFi 6E Ch 1 DFS-fri (5955 MHz)";"#009980"
"Sweden (PTS)";"5945 - 6425 MHz";"WiFi 6E UNII-5 DFS-fri (Ch 1-93)";"#009980"
"Sweden (PTS)";"5965 - 5985 MHz";"WiFi 6E Ch 5 DFS-fri (5975 MHz)";"#006179"
"Sweden (PTS)";"5985 - 6005 MHz";"WiFi 6E Ch 9 DFS-fri (5995 MHz)";"#009980"
"Sweden (PTS)";"6005 - 6025 MHz";"WiFi 6E Ch 13 DFS-fri (6015 MHz)";"#006179"
"Sweden (PTS)";"6025 - 6045 MHz";"WiFi 6E Ch 17 DFS-fri (6035 MHz)";"#009980"
"Sweden (PTS)";"6045 - 6065 MHz";"WiFi 6E Ch 21 DFS-fri (6055 MHz)";"#006179"
"Sweden (PTS)";"6065 - 6085 MHz";"WiFi 6E Ch 25 DFS-fri (6075 MHz)";"#009980"
"Sweden (PTS)";"6085 - 6105 MHz";"WiFi 6E Ch 29 DFS-fri (6095 MHz)";"#006179"
"Sweden (PTS)";"6105 - 6125 MHz";"WiFi 6E Ch 33 DFS-fri (6115 MHz)";"#009980"
"Sweden (PTS)";"6125 - 6145 MHz";"WiFi 6E Ch 37 DFS-fri (6135 MHz)";"#006179"
"Sweden (PTS)";"6145 - 6165 MHz";"WiFi 6E Ch 41 DFS-fri (6155 MHz)";"#009980"
"Sweden (PTS)";"6165 - 6185 MHz";"WiFi 6E Ch 45 DFS-fri (6175 MHz)";"#006179"
"Sweden (PTS)";"6185 - 6205 MHz";"WiFi 6E Ch 49 DFS-fri (6195 MHz)";"#009980"
"Sweden (PTS)";"6205 - 6225 MHz";"WiFi 6E Ch 53 DFS-fri (6215 MHz)";"#006179"
"Sweden (PTS)";"6225 - 6245 MHz";"WiFi 6E Ch 57 DFS-fri (6235 MHz)";"#009980"
"Sweden (PTS)";"6245 - 6265 MHz";"WiFi 6E Ch 61 DFS-fri (6255 MHz)";"#006179"
"Sweden (PTS)";"6265 - 6285 MHz";"WiFi 6E Ch 65 DFS-fri (6275 MHz)";"#009980"
"Sweden (PTS)";"6285 - 6305 MHz";"WiFi 6E Ch 69 DFS-fri (6295 MHz)";"#006179"
"Sweden (PTS)";"6305 - 6325 MHz";"WiFi 6E Ch 73 DFS-fri (6315 MHz)";"#009980"
"Sweden (PTS)";"6325 - 6345 MHz";"WiFi 6E Ch 77 DFS-fri (6335 MHz)";"#006179"
"Sweden (PTS)";"6345 - 6365 MHz";"WiFi 6E Ch 81 DFS-fri (6355 MHz)";"#009980"
"Sweden (PTS)";"6365 - 6385 MHz";"WiFi 6E Ch 85 DFS-fri (6375 MHz)";"#006179"
"Sweden (PTS)";"6385 - 6405 MHz";"WiFi 6E Ch 89 DFS-fri (6395 MHz)";"#009980"
"Sweden (PTS)";"6405 - 6425 MHz";"WiFi 6E Ch 93 DFS-fri (6415 MHz)";"#006179"
"Sweden (PTS)";"6425 - 6725 MHz";"Jordstationer (fasta satellitsystem) (FSS upplänk, ECC/DEC/(05)09)";"#00FFFF"
"Sweden (PTS)";"6725 - 7000 MHz";"Jordutforskning via satellit (Användning över hav)";"#00FFFF"
"Sweden (PTS)";"10368.79375 - 10368.80625 MHz";"Beacon - SK6YH/B - Göteborg";"#FF0000"
"Sweden (PTS)";"10368.80175 - 10368.81425 MHz";"Beacon - SK6YH/B - Göteborg";"#FF0000"
"Sweden (PTS)";"10368.80375 - 10368.81625 MHz";"Beacon - SK6YH/B - Göteborg";"#FF0000"
"Sweden (PTS)";"10368.82875 - 10368.84125 MHz";"Beacon - SK6WW/B - Karlsborg - Karlsborg / Vaberget";"#FF0000"
"Sweden (PTS)";"24048.79375 - 24048.80625 MHz";"Beacon - SK6MHI - Göteborg";"#FF0000"
"Sweden (PTS)";"24048.87675 - 24048.88925 MHz";"Beacon - SK6SHG - Tjörn";"#FF0000"
